"label";"pubmedid"
"javaisland";30943932
"javaisland";30962558
"javaisland";30971444
"javaisland";30975226
"javaisland";30989202
"javaisland";30998877
"javaisland";31014711
"javaisland";31023232
"javaisland";31039155
"javaisland";31040558
"javaisland";31040563
"javaisland";31040565
"javaisland";31040571
"javaisland";31040575
"javaisland";31041326
"javaisland";31042814
"javaisland";31048978
"javaisland";31056152
"javaisland";31062441
"javaisland";31068209
"javaisland";31068581
"javaisland";31085438
"javaisland";31089167
"javaisland";31093324
"javaisland";31099528
"javaisland";31108220
"javaisland";31130934
"javaisland";31138160
"javaisland";31157413
"javaisland";31158243
"javaisland";31176379
"javaisland";31185984
"javaisland";31190714
"javaisland";31192718
"javaisland";31210160
"javaisland";31221186
"javaisland";31225709
"javaisland";31226954
"javaisland";31230917
"javaisland";31232293
"javaisland";31233517
"javaisland";31237899
"javaisland";31254600
"javaisland";31255821
"javaisland";31256393
"javaisland";31257159
"javaisland";31266233
"javaisland";31272219
"javaisland";31279205
"javaisland";31289296
"javaisland";31295313
"javaisland";31296467
"javaisland";31299968
"javaisland";31303235
"javaisland";31303513
"javaisland";31303517
"javaisland";31307517
"javaisland";31311735
"javaisland";31314399
"javaisland";31324544
"javaisland";31326298
"javaisland";31329534
"javaisland";31330161
"javaisland";31331732
"javaisland";31360099
"javaisland";31372449
"javaisland";31375386
"javaisland";31378712
"javaisland";31385750
"javaisland";31387537
"javaisland";31391874
"javaisland";31394077
"javaisland";31397405
"javaisland";31406533
"javaisland";31420573
"javaisland";31427896
"javaisland";31442864
"javaisland";31450917
"javaisland";31454974
"javaisland";31474381
"javaisland";31500141
"javaisland";31508446
"javaisland";31512573
"javaisland";31528018
"javaisland";31528040
"javaisland";31533400
"javaisland";31549366
"javaisland";31555008
"javaisland";31607604
"javaisland";31609704
"javaisland";31641300
"javaisland";31641676
"javaisland";31666053
"javaisland";31671530
"javaisland";31696546
"javaisland";31699943
"javaisland";31715822
"javaisland";31716307
"javaisland";31716506
"javaisland";31716616
"javaisland";31716847
"javaisland";31717166
"javaisland";31720453
"javaisland";31736045
"javaisland";31742436
"javaisland";31749582
"javaisland";31754422
"javaisland";31763413
"javaisland";31783608
"javaisland";31796613
"javaisland";31808189
"javaisland";31817651
"javaisland";31819870
"javaisland";31820533
"javaisland";31829153
"javaisland";31838413
"javaisland";31847322
"javaisland";31849420
"javaisland";31853068
"javaisland";31855306
"javaisland";31860657
"javaisland";31861327
"javaisland";31871526
"javaisland";31876301
"javaisland";31890008
"javaisland";31900103
"javaisland";31919057
"javaisland";31927519
"javaisland";31935256
"javaisland";31971879
"javaisland";31989181
"javaisland";31998846
"javaisland";32009768
"javaisland";32019954
"javaisland";32031978
"javaisland";32032799
"javaisland";32053621
"javaisland";32071979
"javaisland";32074938
"javaisland";32085705
"javaisland";32097026
"javaisland";32099571
"javaisland";32100167
"javaisland";32132850
"javaisland";32140223
"javaisland";32148362
"javaisland";32148367
"javaisland";32148718
"javaisland";32158157
"javaisland";32160948
"javaisland";32164243
"javaisland";32175705
"javaisland";32181290
"javaisland";32188503
"javaisland";32202967
"javaisland";32204232
"javaisland";32219944
"javaisland";32230064
"javaisland";32230551
"javaisland";32230660
"javaisland";32230695
"javaisland";32258438
"javaisland";32273983
"javaisland";32285390
"javaisland";32290768
"javaisland";32290788
"javaisland";32308408
"javaisland";32324775
"javaisland";32331756
"javaisland";32345338
"javaisland";32346561
"javaisland";32355609
"javaisland";32368599
"javaisland";32370625
"javaisland";32374039
"javaisland";32377516
"javaisland";32378490
"javaisland";32394883
"javaisland";32407791
"javaisland";32428656
"javaisland";32458651
"javaisland";32478190
"javaisland";32478194
"javaisland";32490264
"javaisland";32497853
"javaisland";32512618
"javaisland";32527784
"javaisland";32532561
"javaisland";32560064
"javaisland";32563880
"javaisland";32564537
"javaisland";32566278
"javaisland";32577047
"javaisland";32579102
"javaisland";32586019
"javaisland";32593296
"javaisland";32599938
"javaisland";32606877
"javaisland";32614914
"javalang";28428139
"javalang";28450239
"javalang";28452236
"javalang";28472503
"javalang";28503667
"javalang";28508774
"javalang";28508782
"javalang";28508804
"javalang";28520890
"javalang";28540698
"javalang";28545397
"javalang";28548302
"javalang";28549446
"javalang";28605835
"javalang";28651329
"javalang";28654075
"javalang";28748430
"javalang";28787648
"javalang";28796045
"javalang";28808792
"javalang";28831090
"javalang";28849560
"javalang";28855233
"javalang";28881993
"javalang";28883177
"javalang";28957496
"javalang";28961965
"javalang";28992259
"javalang";29025122
"javalang";29028825
"javalang";29040602
"javalang";29057138
"javalang";29067766
"javalang";29075939
"javalang";29076734
"javalang";29086120
"javalang";29092015
"javalang";29095934
"javalang";29110634
"javalang";29145264
"javalang";29151821
"javalang";29186321
"javalang";29188446
"javalang";29204168
"javalang";29211758
"javalang";29226007
"javalang";29231553
"javalang";29244013
"javalang";29258445
"javalang";29278800
"javalang";29293920
"javalang";29295374
"javalang";29300829
"javalang";29302295
"javalang";29318824
"javalang";29334352
"javalang";29346510
"javalang";29371176
"javalang";29375812
"javalang";29394452
"javalang";29432475
"javalang";29444641
"javalang";29506467
"javalang";29512488
"javalang";29534677
"javalang";29539401
"javalang";29544145
"javalang";29544540
"javalang";29547620
"javalang";29604840
"javalang";29607412
"javalang";29618953
"javalang";29718103
"javalang";29732265
"javalang";29741570
"javalang";29742572
"javalang";29752056
"javalang";29788482
"javalang";29801439
"javalang";29912310
"javalang";29917013
"javalang";29940847
"javalang";29956454
"javalang";29969981
"javalang";29972815
"javalang";29989095
"javalang";29991903
"javalang";30004240
"javalang";30027693
"javalang";30092358
"javalang";30092755
"javalang";30094683
"javalang";30096267
"javalang";30101283
"javalang";30102342
"javalang";30109435
"javalang";30114186
"javalang";30115860
"javalang";30128804
"javalang";30147037
"javalang";30152276
"javalang";30203022
"javalang";30230259
"javalang";30243491
"javalang";30245634
"javalang";30256743
"javalang";30268931
"javalang";30314432
"javalang";30319924
"javalang";30459825
"javalang";30466046
"javalang";30468002
"javalang";30515360
"javalang";30535963
"javalang";30553104
"javalang";30594246
"javalang";30606105
"javalang";30634527
"javalang";30642251
"javalang";30648265
"javalang";30648463
"javalang";30663960
"javalang";30700027
"javalang";30734313
"javalang";30791409
"javalang";30793695
"javalang";30804744
"javalang";30805885
"javalang";30813377
"javalang";30860613
"javalang";30871464
"javalang";30880847
"javalang";30899036
"javalang";30900997
"javalang";30930511
"javalang";30979097
"javalang";31003179
"javalang";31091702
"javalang";31143372
"javalang";31148034
"javalang";31159721
"javalang";31159772
"javalang";31173462
"javalang";31175462
"javalang";31204567
"javalang";31254947
"javalang";31278684
"javalang";31284275
"javalang";31309003
"javalang";31309221
"javalang";31331268
"javalang";31357927
"javalang";31388864
"javalang";31392324
"javalang";31416553
"javalang";31452597
"javalang";31483262
"javalang";31510683
"javalang";31513631
"javalang";31525911
"javalang";31596456
"javalang";31601824
"javalang";31620162
"javalang";31625333
"javalang";31632609
"javalang";31663741
"javalang";31667270
"javalang";31681943
"javalang";31702762
"javalang";31710658
"javalang";31712063
"javalang";31738386
"javalang";31827306
"javalang";31840950
"javalang";31867045
"javalang";31984200
"javalang";32032351
"javalang";32055571
"javalang";32066463
"javalang";32121569
"javalang";32235639
"javalang";32267247
"javalang";32276918
"javalang";32309170
"javalang";32337191
"javalang";32339749
"javalang";32373594
"javalang";32396646
"javalang";32468544
"javalang";32486859
"javalang";32532224
"javalang";32535849
"javalang";32566137
"javalang";32585190
"matlabregion";21040694
"matlabregion";21139854
"matlabregion";21147604
"matlabregion";21159696
"matlabregion";21195655
"matlabregion";21245023
"matlabregion";21261203
"matlabregion";21275915
"matlabregion";21398317
"matlabregion";21507538
"matlabregion";21536313
"matlabregion";21608426
"matlabregion";21676249
"matlabregion";21697988
"matlabregion";21778503
"matlabregion";21819817
"matlabregion";21879850
"matlabregion";21914523
"matlabregion";21957680
"matlabregion";21962832
"matlabregion";21999253
"matlabregion";22048430
"matlabregion";22082995
"matlabregion";22151276
"matlabregion";22152147
"matlabregion";22192445
"matlabregion";22196965
"matlabregion";22216326
"matlabregion";22236270
"matlabregion";22340663
"matlabregion";22341966
"matlabregion";22496401
"matlabregion";22520118
"matlabregion";22520143
"matlabregion";22551873
"matlabregion";22640444
"matlabregion";22662134
"matlabregion";22665104
"matlabregion";22784535
"matlabregion";22838156
"matlabregion";22838157
"matlabregion";22838158
"matlabregion";22838159
"matlabregion";22838162
"matlabregion";22851813
"matlabregion";22884893
"matlabregion";22907047
"matlabregion";22957115
"matlabregion";23066832
"matlabregion";23178328
"matlabregion";23195514
"matlabregion";23212440
"matlabregion";23241449
"matlabregion";23326618
"matlabregion";23349875
"matlabregion";23383038
"matlabregion";23409905
"matlabregion";23512873
"matlabregion";23549402
"matlabregion";23555861
"matlabregion";23556466
"matlabregion";23617200
"matlabregion";23638711
"matlabregion";23640158
"matlabregion";23658619
"matlabregion";23680045
"matlabregion";23855423
"matlabregion";23931338
"matlabregion";23980717
"matlabregion";24038076
"matlabregion";24062297
"matlabregion";24066101
"matlabregion";24115799
"matlabregion";24163443
"matlabregion";24168897
"matlabregion";24220214
"matlabregion";24252120
"matlabregion";24331714
"matlabregion";24334935
"matlabregion";24366492
"matlabregion";24392088
"matlabregion";24393610
"matlabregion";24455398
"matlabregion";24457344
"matlabregion";24534384
"matlabregion";24575305
"matlabregion";24839393
"matlabregion";24845800
"matlabregion";24865617
"matlabregion";24984232
"matlabregion";25033341
"matlabregion";25098316
"matlabregion";25127553
"matlabregion";25189157
"matlabregion";25229494
"matlabregion";25239483
"matlabregion";25271646
"matlabregion";25271647
"matlabregion";25361723
"matlabregion";25377333
"matlabregion";25386993
"matlabregion";25473851
"matlabregion";25496520
"matlabregion";25537780
"matlabregion";25585643
"matlabregion";25660310
"matlabregion";25691484
"matlabregion";26018633
"matlabregion";26149865
"matlabregion";26179653
"matlabregion";26349548
"matlabregion";26467760
"matlabregion";26498367
"matlabregion";26580026
"matlabregion";26607695
"matlabregion";26666493
"matlabregion";26707378
"matlabregion";26823338
"matlabregion";26825676
"matlabregion";26843515
"matlabregion";26945144
"matlabregion";27004127
"matlabregion";27022083
"matlabregion";27193264
"matlabregion";27304429
"matlabregion";27485010
"matlabregion";27537051
"matlabregion";27586497
"matlabregion";27659772
"matlabregion";27694568
"matlabregion";27746226
"matlabregion";27789673
"matlabregion";27798335
"matlabregion";27881521
"matlabregion";28077924
"matlabregion";28100208
"matlabregion";28285464
"matlabregion";28342052
"matlabregion";28419095
"matlabregion";28497058
"matlabregion";28659213
"matlabregion";28685045
"matlabregion";28693854
"matlabregion";28732073
"matlabregion";28743731
"matlabregion";28779492
"matlabregion";28784413
"matlabregion";29104765
"matlabregion";29116931
"matlabregion";29155840
"matlabregion";29168439
"matlabregion";29174695
"matlabregion";29304145
"matlabregion";29375196
"matlabregion";29413709
"matlabregion";29445311
"matlabregion";29447176
"matlabregion";29698483
"matlabregion";29702692
"matlabregion";29739429
"matlabregion";29945624
"matlabregion";30107291
"matlabregion";30202517
"matlabregion";30208874
"matlabregion";30291842
"matlabregion";30300420
"matlabregion";30557336
"matlabregion";30562707
"matlabregion";30700313
"matlabregion";30735555
"matlabregion";30753368
"matlabregion";30820319
"matlabregion";30870416
"matlabregion";30887951
"matlabregion";30906816
"matlabregion";31283046
"matlabregion";31381499
"matlabregion";31383692
"matlabregion";31388990
"matlabregion";31423346
"matlabregion";31487774
"matlabregion";31503320
"matlabregion";31629889
"matlabregion";31810284
"matlabregion";31848699
"matlabregion";31886302
"matlabregion";31959609
"matlabregion";31983585
"matlabregion";32126325
"matlabregion";32154502
"matlabregion";32185375
"matlabregion";32199123
"matlabregion";32231360
"matlabregion";32327006
"matlabregion";32337474
"matlabregion";32438214
"matlabregion";32459639
"matlabregion";32514362
"matlablang";32265733
"matlablang";32266110
"matlablang";32266111
"matlablang";32268003
"matlablang";32272392
"matlablang";32272641
"matlablang";32272802
"matlablang";32272874
"matlablang";32277138
"matlablang";32280642
"matlablang";32280738
"matlablang";32285868
"matlablang";32286988
"matlablang";32289453
"matlablang";32290302
"matlablang";32290784
"matlablang";32292232
"matlablang";32298972
"matlablang";32299145
"matlablang";32299346
"matlablang";32303325
"matlablang";32303825
"matlablang";32306191
"matlablang";32309185
"matlablang";32316327
"matlablang";32324559
"matlablang";32325819
"matlablang";32326441
"matlablang";32328092
"matlablang";32329105
"matlablang";32329286
"matlablang";32333464
"matlablang";32334807
"matlablang";32338072
"matlablang";32344644
"matlablang";32345907
"matlablang";32348253
"matlablang";32349155
"matlablang";32353426
"matlablang";32355125
"matlablang";32355165
"matlablang";32355431
"matlablang";32357393
"matlablang";32357722
"matlablang";32360892
"matlablang";32364140
"matlablang";32364157
"matlablang";32365074
"matlablang";32365884
"matlablang";32366785
"matlablang";32369216
"matlablang";32372713
"matlablang";32373155
"matlablang";32380823
"matlablang";32382520
"matlablang";32382590
"matlablang";32385567
"matlablang";32387730
"matlablang";32388335
"matlablang";32390786
"matlablang";32390821
"matlablang";32395039
"matlablang";32395576
"matlablang";32396098
"matlablang";32396573
"matlablang";32403774
"matlablang";32403986
"matlablang";32406004
"matlablang";32407309
"matlablang";32407395
"matlablang";32410203
"matlablang";32414319
"matlablang";32414560
"matlablang";32416269
"matlablang";32416697
"matlablang";32419245
"matlablang";32420417
"matlablang";32421600
"matlablang";32423170
"matlablang";32423646
"matlablang";32425752
"matlablang";32426247
"matlablang";32427990
"matlablang";32428252
"matlablang";32428884
"matlablang";32438003
"matlablang";32438669
"matlablang";32439133
"matlablang";32439425
"matlablang";32439517
"matlablang";32443463
"matlablang";32443715
"matlablang";32446497
"matlablang";32449806
"matlablang";32452389
"matlablang";32452657
"matlablang";32453225
"matlablang";32453489
"matlablang";32455242
"matlablang";32459183
"matlablang";32460061
"matlablang";32463965
"matlablang";32466401
"matlablang";32468651
"matlablang";32468992
"matlablang";32469875
"matlablang";32470821
"matlablang";32471072
"matlablang";32471144
"matlablang";32477894
"matlablang";32479970
"matlablang";32481403
"matlablang";32483222
"matlablang";32483478
"matlablang";32489569
"matlablang";32489927
"matlablang";32490070
"matlablang";32491896
"matlablang";32492059
"matlablang";32493227
"matlablang";32493756
"matlablang";32499942
"matlablang";32501882
"matlablang";32501935
"matlablang";32502103
"matlablang";32504259
"matlablang";32509450
"matlablang";32509994
"matlablang";32515285
"matlablang";32517756
"matlablang";32518305
"matlablang";32521029
"matlablang";32521754
"matlablang";32522662
"matlablang";32523524
"matlablang";32526385
"matlablang";32529884
"matlablang";32532306
"matlablang";32536368
"matlablang";32539646
"matlablang";32543043
"matlablang";32543592
"matlablang";32544122
"matlablang";32545736
"matlablang";32547475
"matlablang";32549966
"matlablang";32551375
"matlablang";32552119
"matlablang";32553746
"matlablang";32554024
"matlablang";32555200
"matlablang";32558016
"matlablang";32564239
"matlablang";32565624
"matlablang";32565928
"matlablang";32566777
"matlablang";32570568
"matlablang";32570583
"matlablang";32570931
"matlablang";32572106
"matlablang";32577440
"matlablang";32580313
"matlablang";32581662
"matlablang";32586181
"matlablang";32586398
"matlablang";32589141
"matlablang";32596287
"matlablang";32601743
"matlablang";32603382
"matlablang";32603812
"matlablang";32604636
"matlablang";32609568
"matlablang";32612890
"matlablang";32613115
"matlablang";32613117
"matlablang";32614858
"matlablang";32617271
"matlablang";32617748
"matlablang";32627294
"matlablang";32627847
"matlablang";32628794
"matlablang";32630197
"matlablang";32631082
"matlablang";32633194
"matlablang";32635514
"matlablang";32635994
"matlablang";32637372
"matlablang";32637981
"matlablang";32640553
"matlablang";32642512
"matlablang";32643230
"matlablang";32646668
"matlablang";32647117
"matlablang";32649890
"matlablang";32650053
"pythonlang";31790679
"pythonlang";31790732
"pythonlang";31791084
"pythonlang";31791122
"pythonlang";31791235
"pythonlang";31794006
"pythonlang";31794595
"pythonlang";31794662
"pythonlang";31794933
"pythonlang";31795188
"pythonlang";31795859
"pythonlang";31798363
"pythonlang";31800693
"pythonlang";31804487
"pythonlang";31805116
"pythonlang";31805157
"pythonlang";31808791
"pythonlang";31809021
"pythonlang";31813535
"pythonlang";31816087
"pythonlang";31816234
"pythonlang";31817652
"pythonlang";31821414
"pythonlang";31825479
"pythonlang";31828959
"pythonlang";31834368
"pythonlang";31834373
"pythonlang";31838143
"pythonlang";31840251
"pythonlang";31841241
"pythonlang";31841276
"pythonlang";31841550
"pythonlang";31841564
"pythonlang";31842071
"pythonlang";31842741
"pythonlang";31846452
"pythonlang";31848434
"pythonlang";31851311
"pythonlang";31855299
"pythonlang";31855656
"pythonlang";31856824
"pythonlang";31857624
"pythonlang";31865928
"pythonlang";31872957
"pythonlang";31876738
"pythonlang";31878100
"pythonlang";31878602
"pythonlang";31882950
"pythonlang";31882996
"pythonlang";31884165
"pythonlang";31889980
"pythonlang";31893823
"pythonlang";31897049
"pythonlang";31897449
"pythonlang";31904816
"pythonlang";31904818
"pythonlang";31904854
"pythonlang";31905016
"pythonlang";31909830
"pythonlang";31909998
"pythonlang";31912313
"pythonlang";31912487
"pythonlang";31913438
"pythonlang";31913465
"pythonlang";31918417
"pythonlang";31921293
"pythonlang";31921958
"pythonlang";31930375
"pythonlang";31930382
"pythonlang";31930398
"pythonlang";31935100
"pythonlang";31937236
"pythonlang";31938721
"pythonlang";31940340
"pythonlang";31941270
"pythonlang";31941893
"pythonlang";31946894
"pythonlang";31950997
"pythonlang";31952301
"pythonlang";31953823
"pythonlang";31956539
"pythonlang";31956677
"pythonlang";31957214
"pythonlang";31962460
"pythonlang";31964767
"pythonlang";31965332
"pythonlang";31966319
"pythonlang";31972557
"pythonlang";31975167
"pythonlang";31975169
"pythonlang";31978052
"pythonlang";31980751
"pythonlang";31984340
"pythonlang";32002517
"pythonlang";32003782
"pythonlang";32003791
"pythonlang";32003993
"pythonlang";32004433
"pythonlang";32005189
"pythonlang";32006287
"pythonlang";32006289
"pythonlang";32011169
"pythonlang";32012556
"pythonlang";32012623
"pythonlang";32013938
"pythonlang";32015065
"pythonlang";32015543
"pythonlang";32016382
"pythonlang";32019060
"pythonlang";32021702
"pythonlang";32021947
"pythonlang";32024462
"pythonlang";32025509
"pythonlang";32025654
"pythonlang";32028886
"pythonlang";32034880
"pythonlang";32035008
"pythonlang";32036039
"pythonlang";32038995
"pythonlang";32039696
"pythonlang";32041648
"pythonlang";32042829
"pythonlang";32043760
"pythonlang";32044918
"pythonlang";32044951
"pythonlang";32047414
"pythonlang";32047415
"pythonlang";32049335
"pythonlang";32050004
"pythonlang";32051022
"pythonlang";32053156
"pythonlang";32054215
"pythonlang";32055710
"pythonlang";32059112
"pythonlang";32061125
"pythonlang";32063248
"pythonlang";32066370
"pythonlang";32070235
"pythonlang";32070398
"pythonlang";32072653
"pythonlang";32073732
"pythonlang";32092702
"pythonlang";32097025
"pythonlang";32101277
"pythonlang";32101419
"pythonlang";32102365
"pythonlang";32108316
"pythonlang";32108317
"pythonlang";32109607
"pythonlang";32112416
"pythonlang";32113773
"pythonlang";32114144
"pythonlang";32117629
"pythonlang";32117635
"pythonlang";32118203
"pythonlang";32121705
"pythonlang";32122017
"pythonlang";32122303
"pythonlang";32123206
"pythonlang";32124315
"pythonlang";32127531
"pythonlang";32128697
"pythonlang";32131723
"pythonlang";32132545
"pythonlang";32133422
"pythonlang";32138660
"pythonlang";32139786
"pythonlang";32141051
"pythonlang";32143574
"pythonlang";32144496
"pythonlang";32145010
"pythonlang";32149021
"pythonlang";32150535
"pythonlang";32150670
"pythonlang";32151105
"pythonlang";32153297
"pythonlang";32154830
"pythonlang";32155108
"pythonlang";32159396
"pythonlang";32159420
"pythonlang";32161645
"pythonserpent";22938523
"pythonserpent";22938524
"pythonserpent";22938694
"pythonserpent";22938699
"pythonserpent";22950317
"pythonserpent";23045804
"pythonserpent";23193530
"pythonserpent";23272369
"pythonserpent";23384684
"pythonserpent";23427672
"pythonserpent";23434777
"pythonserpent";23438130
"pythonserpent";23449030
"pythonserpent";23582565
"pythonserpent";23948369
"pythonserpent";23998743
"pythonserpent";24010903
"pythonserpent";24068697
"pythonserpent";24119154
"pythonserpent";24146908
"pythonserpent";24231466
"pythonserpent";24297902
"pythonserpent";24311803
"pythonserpent";24315866
"pythonserpent";24340066
"pythonserpent";24375578
"pythonserpent";24383854
"pythonserpent";24438485
"pythonserpent";24502271
"pythonserpent";24521885
"pythonserpent";24553081
"pythonserpent";24647727
"pythonserpent";24737752
"pythonserpent";24824651
"pythonserpent";24827101
"pythonserpent";24862081
"pythonserpent";24915762
"pythonserpent";24943887
"pythonserpent";24970309
"pythonserpent";25017862
"pythonserpent";25038567
"pythonserpent";25063552
"pythonserpent";25080342
"pythonserpent";25106433
"pythonserpent";25132530
"pythonserpent";25139000
"pythonserpent";25179427
"pythonserpent";25205093
"pythonserpent";25267848
"pythonserpent";25324132
"pythonserpent";25338510
"pythonserpent";25541013
"pythonserpent";25543742
"pythonserpent";25547871
"pythonserpent";25550284
"pythonserpent";25553896
"pythonserpent";25555231
"pythonserpent";25583073
"pythonserpent";25670672
"pythonserpent";25670730
"pythonserpent";25759743
"pythonserpent";25788598
"pythonserpent";25874630
"pythonserpent";25889376
"pythonserpent";25913453
"pythonserpent";25987734
"pythonserpent";26005204
"pythonserpent";26044884
"pythonserpent";26109078
"pythonserpent";26113382
"pythonserpent";26123779
"pythonserpent";26205503
"pythonserpent";26347553
"pythonserpent";26354849
"pythonserpent";26358987
"pythonserpent";26410400
"pythonserpent";26413829
"pythonserpent";26523499
"pythonserpent";26623196
"pythonserpent";26700457
"pythonserpent";26780263
"pythonserpent";26802791
"pythonserpent";26847931
"pythonserpent";26910233
"pythonserpent";27074611
"pythonserpent";27111016
"pythonserpent";27207643
"pythonserpent";27324744
"pythonserpent";27342652
"pythonserpent";27391138
"pythonserpent";27445352
"pythonserpent";27499019
"pythonserpent";27658593
"pythonserpent";27698666
"pythonserpent";27735965
"pythonserpent";27773569
"pythonserpent";27777582
"pythonserpent";27938703
"pythonserpent";28080919
"pythonserpent";28109837
"pythonserpent";28170213
"pythonserpent";28192243
"pythonserpent";28264356
"pythonserpent";28306545
"pythonserpent";28363059
"pythonserpent";28464824
"pythonserpent";28478198
"pythonserpent";28630199
"pythonserpent";28635138
"pythonserpent";28647127
"pythonserpent";28650234
"pythonserpent";28679794
"pythonserpent";28690112
"pythonserpent";28723960
"pythonserpent";28751678
"pythonserpent";28794044
"pythonserpent";28817588
"pythonserpent";28817630
"pythonserpent";28873961
"pythonserpent";28978755
"pythonserpent";29026649
"pythonserpent";29030787
"pythonserpent";29055136
"pythonserpent";29076160
"pythonserpent";29095557
"pythonserpent";29104018
"pythonserpent";29114125
"pythonserpent";29131856
"pythonserpent";29236745
"pythonserpent";29271312
"pythonserpent";29329683
"pythonserpent";29342169
"pythonserpent";29356394
"pythonserpent";29375757
"pythonserpent";29428302
"pythonserpent";29462190
"pythonserpent";29466000
"pythonserpent";29496780
"pythonserpent";29517427
"pythonserpent";29536463
"pythonserpent";29571024
"pythonserpent";29574138
"pythonserpent";29780016
"pythonserpent";29943640
"pythonserpent";29949610
"pythonserpent";30160303
"pythonserpent";30212358
"pythonserpent";30243548
"pythonserpent";30243595
"pythonserpent";30255069
"pythonserpent";30269397
"pythonserpent";30271564
"pythonserpent";30339670
"pythonserpent";30478847
"pythonserpent";30524754
"pythonserpent";30584551
"pythonserpent";30585425
"pythonserpent";30598660
"pythonserpent";30601869
"pythonserpent";30826139
"pythonserpent";30873745
"pythonserpent";30919443
"pythonserpent";30922084
"pythonserpent";30940697
"pythonserpent";30970028
"pythonserpent";31044871
"pythonserpent";31065829
"pythonserpent";31097029
"pythonserpent";31256202
"pythonserpent";31288694
"pythonserpent";31310015
"pythonserpent";31469454
"pythonserpent";31494069
"pythonserpent";31564503
"pythonserpent";31577204
"pythonserpent";31605811
"pythonserpent";31632990
"pythonserpent";31664097
"pythonserpent";31668984
"pythonserpent";31676333
"pythonserpent";31731798
"pythonserpent";31770594
"pythonserpent";31812178
"pythonserpent";31853628
"pythonserpent";31891687
"pythonserpent";31926531
"pythonserpent";31952524
"pythonserpent";31955803
"pythonserpent";31979065
"pythonserpent";32068510
"pythonserpent";32124096
"pythonserpent";32131452
"rcorrelation";32458249
"rcorrelation";32459354
"rcorrelation";32459380
"rcorrelation";32459410
"rcorrelation";32459511
"rcorrelation";32459659
"rcorrelation";32460848
"rcorrelation";32461270
"rcorrelation";32462667
"rcorrelation";32462928
"rcorrelation";32463548
"rcorrelation";32468403
"rcorrelation";32471503
"rcorrelation";32473583
"rcorrelation";32475231
"rcorrelation";32475285
"rcorrelation";32475465
"rcorrelation";32476037
"rcorrelation";32477167
"rcorrelation";32477434
"rcorrelation";32478664
"rcorrelation";32478665
"rcorrelation";32479254
"rcorrelation";32479586
"rcorrelation";32480267
"rcorrelation";32481405
"rcorrelation";32481462
"rcorrelation";32481470
"rcorrelation";32482580
"rcorrelation";32483060
"rcorrelation";32483398
"rcorrelation";32483650
"rcorrelation";32483725
"rcorrelation";32487861
"rcorrelation";32487950
"rcorrelation";32488843
"rcorrelation";32489740
"rcorrelation";32489917
"rcorrelation";32490021
"rcorrelation";32490148
"rcorrelation";32490896
"rcorrelation";32491086
"rcorrelation";32491096
"rcorrelation";32492703
"rcorrelation";32493092
"rcorrelation";32493472
"rcorrelation";32495304
"rcorrelation";32495893
"rcorrelation";32496281
"rcorrelation";32496973
"rcorrelation";32497304
"rcorrelation";32497329
"rcorrelation";32498153
"rcorrelation";32498482
"rcorrelation";32498618
"rcorrelation";32500516
"rcorrelation";32501969
"rcorrelation";32505750
"rcorrelation";32509121
"rcorrelation";32509129
"rcorrelation";32509251
"rcorrelation";32509639
"rcorrelation";32509888
"rcorrelation";32510443
"rcorrelation";32511102
"rcorrelation";32511604
"rcorrelation";32512344
"rcorrelation";32513461
"rcorrelation";32513793
"rcorrelation";32514249
"rcorrelation";32516657
"rcorrelation";32517756
"rcorrelation";32517967
"rcorrelation";32517990
"rcorrelation";32518262
"rcorrelation";32520794
"rcorrelation";32521024
"rcorrelation";32521091
"rcorrelation";32521510
"rcorrelation";32522196
"rcorrelation";32525905
"rcorrelation";32525921
"rcorrelation";32526375
"rcorrelation";32527354
"rcorrelation";32528740
"rcorrelation";32528967
"rcorrelation";32530172
"rcorrelation";32530756
"rcorrelation";32530982
"rcorrelation";32531255
"rcorrelation";32534283
"rcorrelation";32534776
"rcorrelation";32538201
"rcorrelation";32538455
"rcorrelation";32538490
"rcorrelation";32538753
"rcorrelation";32539644
"rcorrelation";32540199
"rcorrelation";32540329
"rcorrelation";32542468
"rcorrelation";32543298
"rcorrelation";32545045
"rcorrelation";32545073
"rcorrelation";32546064
"rcorrelation";32546948
"rcorrelation";32547626
"rcorrelation";32547876
"rcorrelation";32548289
"rcorrelation";32549772
"rcorrelation";32549785
"rcorrelation";32551800
"rcorrelation";32552097
"rcorrelation";32552733
"rcorrelation";32552941
"rcorrelation";32553025
"rcorrelation";32555012
"rcorrelation";32556315
"rcorrelation";32556529
"rcorrelation";32557675
"rcorrelation";32563382
"rcorrelation";32563559
"rcorrelation";32564552
"rcorrelation";32565589
"rcorrelation";32566374
"rcorrelation";32569237
"rcorrelation";32569481
"rcorrelation";32570044
"rcorrelation";32570253
"rcorrelation";32571742
"rcorrelation";32572930
"rcorrelation";32573827
"rcorrelation";32574030
"rcorrelation";32574936
"rcorrelation";32574983
"rcorrelation";32576203
"rcorrelation";32576349
"rcorrelation";32576352
"rcorrelation";32576353
"rcorrelation";32577113
"rcorrelation";32577736
"rcorrelation";32577952
"rcorrelation";32579084
"rcorrelation";32580750
"rcorrelation";32581908
"rcorrelation";32582384
"rcorrelation";32582828
"rcorrelation";32585383
"rcorrelation";32585442
"rcorrelation";32586617
"rcorrelation";32587447
"rcorrelation";32587457
"rcorrelation";32588208
"rcorrelation";32589592
"rcorrelation";32590662
"rcorrelation";32590808
"rcorrelation";32591883
"rcorrelation";32594277
"rcorrelation";32599103
"rcorrelation";32599495
"rcorrelation";32600137
"rcorrelation";32600181
"rcorrelation";32601583
"rcorrelation";32603521
"rcorrelation";32604150
"rcorrelation";32606696
"rcorrelation";32606698
"rcorrelation";32606877
"rcorrelation";32606962
"rcorrelation";32607061
"rcorrelation";32607563
"rcorrelation";32608838
"rcorrelation";32609964
"rcorrelation";32610449
"rcorrelation";32613506
"rcorrelation";32613532
"rcorrelation";32615675
"rcorrelation";32616127
"rcorrelation";32616577
"rcorrelation";32617425
"rcorrelation";32619891
"rcorrelation";32620389
"rcorrelation";32622708
"rcorrelation";32622937
"rcorrelation";32623126
"rlang";32394863
"rlang";32397992
"rlang";32399279
"rlang";32399554
"rlang";32399562
"rlang";32399572
"rlang";32401701
"rlang";32406757
"rlang";32407095
"rlang";32409786
"rlang";32410242
"rlang";32411181
"rlang";32414321
"rlang";32415559
"rlang";32415957
"rlang";32415959
"rlang";32417704
"rlang";32418518
"rlang";32419323
"rlang";32420136
"rlang";32420140
"rlang";32420153
"rlang";32420375
"rlang";32421831
"rlang";32423403
"rlang";32423860
"rlang";32425983
"rlang";32426025
"rlang";32428078
"rlang";32428223
"rlang";32429868
"rlang";32429990
"rlang";32430990
"rlang";32432377
"rlang";32437519
"rlang";32437522
"rlang";32437556
"rlang";32437684
"rlang";32438470
"rlang";32441122
"rlang";32445243
"rlang";32446050
"rlang";32448146
"rlang";32448189
"rlang";32449749
"rlang";32449758
"rlang";32450795
"rlang";32456363
"rlang";32456463
"rlang";32456592
"rlang";32459877
"rlang";32461969
"rlang";32467731
"rlang";32467990
"rlang";32469610
"rlang";32469797
"rlang";32470056
"rlang";32470106
"rlang";32470662
"rlang";32470861
"rlang";32471384
"rlang";32476288
"rlang";32476992
"rlang";32477007
"rlang";32477227
"rlang";32479894
"rlang";32481304
"rlang";32481346
"rlang";32482029
"rlang";32484314
"rlang";32484539
"rlang";32487212
"rlang";32489911
"rlang";32489996
"rlang";32492120
"rlang";32492213
"rlang";32493063
"rlang";32493468
"rlang";32494309
"rlang";32497132
"rlang";32501935
"rlang";32502244
"rlang";32504647
"rlang";32504750
"rlang";32505178
"rlang";32511228
"rlang";32514028
"rlang";32514944
"rlang";32516357
"rlang";32518652
"rlang";32521873
"rlang";32526881
"rlang";32527328
"rlang";32528518
"rlang";32528874
"rlang";32529631
"rlang";32532224
"rlang";32533271
"rlang";32533776
"rlang";32533823
"rlang";32536733
"rlang";32536814
"rlang";32536823
"rlang";32537023
"rlang";32539836
"rlang";32541899
"rlang";32542031
"rlang";32542441
"rlang";32544695
"rlang";32544779
"rlang";32546826
"rlang";32551054
"rlang";32553663
"rlang";32554025
"rlang";32558399
"rlang";32560350
"rlang";32560657
"rlang";32561532
"rlang";32565937
"rlang";32565957
"rlang";32565992
"rlang";32566010
"rlang";32566063
"rlang";32566090
"rlang";32566642
"rlang";32567870
"rlang";32567943
"rlang";32568729
"rlang";32569706
"rlang";32570384
"rlang";32571260
"rlang";32571271
"rlang";32571304
"rlang";32573705
"rlang";32573813
"rlang";32574157
"rlang";32574516
"rlang";32574977
"rlang";32577668
"rlang";32579220
"rlang";32580715
"rlang";32582287
"rlang";32583544
"rlang";32584890
"rlang";32587985
"rlang";32589193
"rlang";32593163
"rlang";32595237
"rlang";32596834
"rlang";32599927
"rlang";32600319
"rlang";32600408
"rlang";32600423
"rlang";32600483
"rlang";32601687
"rlang";32603093
"rlang";32603651
"rlang";32604805
"rlang";32606567
"rlang";32606776
"rlang";32606959
"rlang";32607020
"rlang";32607211
"rlang";32608130
"rlang";32608274
"rlang";32609318
"rlang";32609601
"rlang";32610492
"rlang";32614380
"rlang";32614631
"rlang";32619001
"rlang";32619004
"rlang";32619008
"rlang";32620106
"rlang";32620805
"rlang";32622107
"rlang";32625242
